instance,method,seed,k,feasible,conflicts,weighted_conflicts,iterations,breakouts,restarts,time_seconds
myciel3.col,AHGC_BreakoutTabu,0,4,1,0,0,0,0,0,0.000050
myciel3.col,AHGC_BreakoutTabu,10007,4,1,0,0,0,0,0,0.000059
myciel3.col,AHGC_BreakoutTabu,20014,4,1,0,0,0,0,0,0.000056
myciel3.col,AHGC_BreakoutTabu,30021,4,1,0,0,0,0,0,0.000065
myciel3.col,AHGC_BreakoutTabu,40028,4,1,0,0,0,0,0,0.000046
myciel4.col,AHGC_BreakoutTabu,0,5,1,0,0,0,0,0,0.000096
myciel4.col,AHGC_BreakoutTabu,10007,5,1,0,0,0,0,0,0.000094
myciel4.col,AHGC_BreakoutTabu,20014,5,1,0,0,0,0,0,0.000129
myciel4.col,AHGC_BreakoutTabu,30021,5,1,0,0,0,0,0,0.000095
myciel4.col,AHGC_BreakoutTabu,40028,5,1,0,0,0,0,0,0.000101
queen5_5.col,AHGC_BreakoutTabu,0,5,1,0,0,0,0,0,0.000092
queen5_5.col,AHGC_BreakoutTabu,10007,5,1,0,0,0,0,0,0.000158
queen5_5.col,AHGC_BreakoutTabu,20014,5,1,0,0,0,0,0,0.000159
queen5_5.col,AHGC_BreakoutTabu,30021,5,1,0,0,0,0,0,0.000245
queen5_5.col,AHGC_BreakoutTabu,40028,5,1,0,0,0,0,0,0.000211
queen7_7.col,AHGC_BreakoutTabu,0,7,1,0,0,495,0,0,0.336806
queen7_7.col,AHGC_BreakoutTabu,10007,7,1,0,0,402,0,0,0.268264
queen7_7.col,AHGC_BreakoutTabu,20014,7,1,0,0,1226,0,0,0.986679
queen7_7.col,AHGC_BreakoutTabu,30021,7,1,0,0,319,0,0,0.336451
queen7_7.col,AHGC_BreakoutTabu,40028,7,1,0,0,497,0,0,0.517060
miles1500.col,AHGC_BreakoutTabu,0,73,1,0,0,0,0,0,0.004611
miles1500.col,AHGC_BreakoutTabu,10007,73,1,0,0,0,0,0,0.003834
miles1500.col,AHGC_BreakoutTabu,20014,73,1,0,0,0,0,0,0.005674
miles1500.col,AHGC_BreakoutTabu,30021,73,1,0,0,0,0,0,0.005196
miles1500.col,AHGC_BreakoutTabu,40028,73,1,0,0,0,0,0,0.002541
fpsol2.i.1.col,AHGC_BreakoutTabu,0,65,1,0,0,0,0,0,0.009601
fpsol2.i.1.col,AHGC_BreakoutTabu,10007,65,1,0,0,0,0,0,0.009565
fpsol2.i.1.col,AHGC_BreakoutTabu,20014,65,1,0,0,0,0,0,0.004930
fpsol2.i.1.col,AHGC_BreakoutTabu,30021,65,1,0,0,0,0,0,0.005766
fpsol2.i.1.col,AHGC_BreakoutTabu,40028,65,1,0,0,0,0,0,0.004927
inithx.i.1.col,AHGC_BreakoutTabu,0,54,1,0,0,0,0,0,0.008913
inithx.i.1.col,AHGC_BreakoutTabu,10007,54,1,0,0,0,0,0,0.008091
inithx.i.1.col,AHGC_BreakoutTabu,20014,54,1,0,0,0,0,0,0.007546
inithx.i.1.col,AHGC_BreakoutTabu,30021,54,1,0,0,0,0,0,0.007867
inithx.i.1.col,AHGC_BreakoutTabu,40028,54,1,0,0,0,0,0,0.013895
flat300_28_0.col,AHGC_BreakoutTabu,0,28,0,49,49,3443,0,0,300.043609
flat300_28_0.col,AHGC_BreakoutTabu,10007,28,0,46,46,2845,0,0,300.034391
flat300_28_0.col,AHGC_BreakoutTabu,20014,28,0,49,49,2720,0,0,300.056482
flat300_28_0.col,AHGC_BreakoutTabu,30021,28,0,45,45,3512,0,0,300.009325
flat300_28_0.col,AHGC_BreakoutTabu,40028,28,0,43,43,2956,0,0,300.038878
flat300_28_0.col,AHGC_BreakoutTabu,1000003,29,0,37,37,4503,0,0,300.004427
flat300_28_0.col,AHGC_BreakoutTabu,1010010,29,0,33,33,5506,0,0,300.038185
flat300_28_0.col,AHGC_BreakoutTabu,1020017,29,0,35,35,5235,0,0,300.067136
flat300_28_0.col,AHGC_BreakoutTabu,1030024,29,0,37,37,4583,0,0,300.010452
flat300_28_0.col,AHGC_BreakoutTabu,1040031,29,0,33,33,5144,0,0,300.006726
flat300_28_0.col,AHGC_BreakoutTabu,2000006,30,0,22,22,6937,2,0,300.029766
flat300_28_0.col,AHGC_BreakoutTabu,2010013,30,0,23,23,6932,1,0,300.002339
flat300_28_0.col,AHGC_BreakoutTabu,2020020,30,0,15,15,8092,0,0,300.016160
flat300_28_0.col,AHGC_BreakoutTabu,2030027,30,0,20,20,7372,0,0,300.032442
flat300_28_0.col,AHGC_BreakoutTabu,2040034,30,0,23,23,7236,1,0,300.007137
le450_5a.col,AHGC_BreakoutTabu,0,5,0,2,2,70911,30,6,300.003773
le450_5a.col,AHGC_BreakoutTabu,10007,5,1,0,0,4527,0,0,12.633659
le450_5a.col,AHGC_BreakoutTabu,20014,5,0,4,4,73973,29,5,300.002155
le450_5a.col,AHGC_BreakoutTabu,30021,5,0,6,6,71050,29,5,300.004012
le450_5a.col,AHGC_BreakoutTabu,40028,5,0,1,1,70631,29,5,300.000995
DSJC125.9.col,AHGC_BreakoutTabu,0,44,1,0,0,1940,0,0,11.581568
DSJC125.9.col,AHGC_BreakoutTabu,10007,44,1,0,0,3642,2,0,15.113667
DSJC125.9.col,AHGC_BreakoutTabu,20014,44,1,0,0,6678,5,0,32.693349
DSJC125.9.col,AHGC_BreakoutTabu,30021,44,1,0,0,1921,1,0,8.338022
DSJC125.9.col,AHGC_BreakoutTabu,40028,44,1,0,0,5458,4,0,23.599378
DSJC500.1.col,AHGC_BreakoutTabu,0,12,0,14,14,35813,9,1,300.003205
DSJC500.1.col,AHGC_BreakoutTabu,10007,12,0,14,14,34039,8,1,300.004225
DSJC500.1.col,AHGC_BreakoutTabu,20014,12,0,15,15,36015,9,1,300.008449
DSJC500.1.col,AHGC_BreakoutTabu,30021,12,0,12,12,38398,8,1,300.000093
DSJC500.1.col,AHGC_BreakoutTabu,40028,12,0,12,12,34596,10,2,300.002238
DSJC500.1.col,AHGC_BreakoutTabu,1000003,13,1,0,0,7092,0,0,17.562791
DSJC500.1.col,AHGC_BreakoutTabu,1010010,13,0,1,1,59680,20,4,300.008032
DSJC500.1.col,AHGC_BreakoutTabu,1020017,13,0,1,1,58013,21,4,300.000246
DSJC500.1.col,AHGC_BreakoutTabu,1030024,13,0,1,1,62434,21,4,300.001266
DSJC500.1.col,AHGC_BreakoutTabu,1040031,13,0,3,3,58173,20,3,300.002974
DSJC500.5.col,AHGC_BreakoutTabu,0,48,0,41,41,2769,0,0,600.166724
DSJC500.5.col,AHGC_BreakoutTabu,10007,48,0,48,48,2323,0,0,600.136847
DSJC500.5.col,AHGC_BreakoutTabu,20014,48,0,56,56,2266,0,0,600.184003
DSJC500.5.col,AHGC_BreakoutTabu,30021,48,0,50,50,2453,0,0,600.053188
DSJC500.5.col,AHGC_BreakoutTabu,40028,48,0,55,55,2385,0,0,600.046452
DSJC500.5.col,AHGC_BreakoutTabu,1000003,49,0,35,35,3397,0,0,600.099277
DSJC500.5.col,AHGC_BreakoutTabu,1010010,49,0,30,30,3935,0,0,600.089898
DSJC500.5.col,AHGC_BreakoutTabu,1020017,49,0,35,35,3667,0,0,600.097466
DSJC500.5.col,AHGC_BreakoutTabu,1030024,49,0,31,31,3319,0,0,600.030966
DSJC500.5.col,AHGC_BreakoutTabu,1040031,49,0,24,24,4213,0,0,600.004053
DSJC500.5.col,AHGC_BreakoutTabu,2000006,50,0,20,20,4843,0,0,600.063169
DSJC500.5.col,AHGC_BreakoutTabu,2010013,50,0,20,20,5030,0,0,600.056799
DSJC500.5.col,AHGC_BreakoutTabu,2020020,50,0,17,17,5049,0,0,600.050441
DSJC500.5.col,AHGC_BreakoutTabu,2030027,50,0,26,26,4565,0,0,600.027440
DSJC500.5.col,AHGC_BreakoutTabu,2040034,50,0,25,25,4211,0,0,600.039507
DSJC500.9.col,AHGC_BreakoutTabu,0,126,0,61,61,523,0,0,600.523972
DSJC500.9.col,AHGC_BreakoutTabu,10007,126,0,68,68,473,0,0,600.201129
DSJC500.9.col,AHGC_BreakoutTabu,20014,126,0,72,72,479,0,0,600.043549
DSJC500.9.col,AHGC_BreakoutTabu,30021,126,0,75,75,470,0,0,600.538618
DSJC500.9.col,AHGC_BreakoutTabu,40028,126,0,73,73,474,0,0,600.940611
DSJC500.9.col,AHGC_BreakoutTabu,1000003,127,0,54,54,553,0,0,600.411941
DSJC500.9.col,AHGC_BreakoutTabu,1010010,127,0,48,48,573,0,0,600.091260
DSJC500.9.col,AHGC_BreakoutTabu,1020017,127,0,66,66,508,0,0,600.689059
DSJC500.9.col,AHGC_BreakoutTabu,1030024,127,0,62,62,483,0,0,600.789929
DSJC500.9.col,AHGC_BreakoutTabu,1040031,127,0,72,72,471,0,0,600.358461
DSJC500.9.col,AHGC_BreakoutTabu,2000006,128,0,65,65,492,0,0,600.021039
DSJC500.9.col,AHGC_BreakoutTabu,2010013,128,0,70,70,462,0,0,600.899097
DSJC500.9.col,AHGC_BreakoutTabu,2020020,128,0,67,67,487,0,0,600.650478
DSJC500.9.col,AHGC_BreakoutTabu,2030027,128,0,61,61,521,0,0,600.721001
DSJC500.9.col,AHGC_BreakoutTabu,2040034,128,0,55,55,492,0,0,600.541769
DSJC1000.9.col,AHGC_BreakoutTabu,0,223,0,286,286,145,0,0,902.757684
DSJC1000.9.col,AHGC_BreakoutTabu,10007,223,0,304,304,155,0,0,903.716637
DSJC1000.9.col,AHGC_BreakoutTabu,20014,223,0,285,285,155,0,0,900.584470
DSJC1000.9.col,AHGC_BreakoutTabu,30021,223,0,288,288,160,0,0,903.519803
DSJC1000.9.col,AHGC_BreakoutTabu,40028,223,0,286,286,168,0,0,901.334446
DSJC1000.9.col,AHGC_BreakoutTabu,1000003,224,0,284,284,168,0,0,902.493968
DSJC1000.9.col,AHGC_BreakoutTabu,1010010,224,0,268,268,167,0,0,901.649187
DSJC1000.9.col,AHGC_BreakoutTabu,1020017,224,0,293,293,143,0,0,906.146690
DSJC1000.9.col,AHGC_BreakoutTabu,1030024,224,0,294,294,101,0,0,901.968794
DSJC1000.9.col,AHGC_BreakoutTabu,1040031,224,0,280,280,101,0,0,900.812959
DSJC1000.9.col,AHGC_BreakoutTabu,2000006,225,0,293,293,101,0,0,906.663050
DSJC1000.9.col,AHGC_BreakoutTabu,2010013,225,0,289,289,101,0,0,904.313068
DSJC1000.9.col,AHGC_BreakoutTabu,2020020,225,0,284,284,100,0,0,905.013374
DSJC1000.9.col,AHGC_BreakoutTabu,2030027,225,0,292,292,100,0,0,904.315745
DSJC1000.9.col,AHGC_BreakoutTabu,2040034,225,0,308,308,101,0,0,904.330329
